threshold,accepted_count,abstained_count,coverage,abstention_rate,accepted_correct_count,accepted_error_count,selective_accuracy,selective_risk
0.0,34958,0,1.0,0.0,33280,1678,0.9519995423079124,0.04800045769208765
0.01,34958,0,1.0,0.0,33280,1678,0.9519995423079124,0.04800045769208765
0.02,34958,0,1.0,0.0,33280,1678,0.9519995423079124,0.04800045769208765
0.03,34958,0,1.0,0.0,33280,1678,0.9519995423079124,0.04800045769208765
0.04,34958,0,1.0,0.0,33280,1678,0.9519995423079124,0.04800045769208765
0.05,34958,0,1.0,0.0,33280,1678,0.9519995423079124,0.04800045769208765
0.06,34958,0,1.0,0.0,33280,1678,0.9519995423079124,0.04800045769208765
0.07,34958,0,1.0,0.0,33280,1678,0.9519995423079124,0.04800045769208765
0.08,34955,3,0.999914182733566,8.581726643400653e-05,33277,1678,0.951995422686311,0.048004577313689026
0.09,34950,8,0.999771153956176,0.00022884604382401738,33276,1674,0.9521030042918455,0.047896995708154505
0.1,34942,16,0.999542307912352,0.00045769208764803477,33276,1666,0.9523209890675978,0.04767901093240227
0.11,34931,27,0.9992276446020939,0.0007723553979060586,33275,1656,0.9525922532993616,0.0474077467006384
0.12,34919,39,0.9988843755363579,0.0011156244636420848,33275,1644,0.9529196139637447,0.047080386036255334
0.13,34909,49,0.9985983179815779,0.0014016820184221065,33273,1636,0.953135294623163,0.046864705376836915
0.14,34894,64,0.9981692316494079,0.001830768350592139,33270,1624,0.9534590474006993,0.04654095259930074
0.15,34878,80,0.9977115395617598,0.0022884604382401737,33265,1613,0.9537530821721429,0.0462469178278571
0.16,34866,92,0.9973682704960238,0.0026317295039762,33265,1601,0.9540813399873802,0.045918660012619746
0.17,34850,108,0.9969105784083757,0.0030894215916242346,33262,1588,0.9544332855093257,0.04556671449067432
0.18,34830,128,0.9963384632988157,0.003661536701184278,33257,1573,0.9548377835199541,0.04516221648004594
0.19,34807,151,0.9956805309228217,0.004319469077178328,33249,1558,0.9552388887292786,0.04476111127072141
0.2,34784,174,0.9950225985468276,0.004977401453172378,33243,1541,0.9556980220791168,0.04430197792088317
0.21,34762,196,0.9943932719263116,0.005606728073688426,33238,1524,0.9561590242218514,0.04384097577814855
0.22,34746,212,0.9939355798386635,0.006064420161336461,33236,1510,0.9565417602026133,0.04345823979738675
0.23,34720,238,0.9931918301962355,0.006808169803764518,33229,1491,0.9570564516129032,0.042943548387096776
0.24,34695,263,0.9924766863092854,0.007523313690714572,33225,1470,0.9576307825335063,0.04236921746649373
0.25,34664,294,0.9915899078894673,0.00841009211053264,33218,1446,0.958285252711747,0.041714747288252946
0.26,34646,312,0.9910750042908634,0.008924995709136678,33209,1437,0.9585233504589274,0.04147664954107256
0.27,34616,342,0.9902168316265233,0.009783168373476743,33202,1414,0.9591518373006702,0.04084816269932979
0.28,34585,373,0.9893300532067052,0.010669946793294811,33195,1390,0.9598091658233339,0.04019083417666618
0.29,34551,407,0.9883574575204531,0.011642542479546885,33189,1362,0.9605800121559434,0.03941998784405661
0.3,34509,449,0.987156015790377,0.012843984209622976,33178,1331,0.9614303515025066,0.038569648497493406
0.31,34475,483,0.986183420104125,0.01381657989587505,33161,1314,0.9618854242204496,0.0381145757795504
0.32,34448,510,0.9854110647062189,0.01458893529378111,33153,1295,0.9624071063632141,0.03759289363678588
0.33,34409,549,0.9842954402425768,0.015704559757423193,33134,1275,0.9629457409398704,0.037054259060129616
0.34,34371,587,0.9832084215344127,0.016791578465587275,33113,1258,0.9633993773820954,0.03660062261790463
0.35,34331,627,0.9820641913152927,0.017935808684707365,33098,1233,0.9640849378113076,0.035915062188692434
0.36,34297,661,0.9810915956290406,0.018908404370959437,33086,1211,0.9646907892818614,0.03530921071813861
0.37,34270,688,0.9803192402311345,0.019680759768865495,33078,1192,0.9652173913043478,0.034782608695652174
0.38,34237,721,0.9793752503003604,0.020624749699639566,33059,1178,0.9655927797412156,0.03440722025878436
0.39,34195,763,0.9781738085702844,0.021826191429715657,33038,1157,0.9661646439537944,0.033835356046205585
0.4,34147,811,0.9768007323073402,0.023199267692659762,33013,1134,0.9667906404662195,0.033209359533780416
0.41,34118,840,0.9759711653984782,0.024028834601521828,33001,1117,0.9672606835101706,0.03273931648982942
0.42,34076,882,0.9747697236684021,0.02523027633159792,32983,1093,0.9679246390421411,0.0320753609578589
0.43,34034,924,0.973568281938326,0.02643171806167401,32966,1068,0.9686196156784392,0.03138038432156079
0.44,33991,967,0.9723382344527719,0.0276617655472281,32947,1044,0.9692859874672708,0.030714012532729252
0.45,33943,1015,0.9709651581898278,0.029034841810172206,32916,1027,0.9697433933358867,0.030256606664113367
0.46,33901,1057,0.9697637164597517,0.030236283540248297,32894,1007,0.9702958614790124,0.02970413852098758
0.47,33850,1108,0.9683048229303736,0.03169517706962641,32872,978,0.9711078286558346,0.028892171344165437
0.48,33801,1157,0.9669031409119515,0.03309685908804851,32850,951,0.971864737729653,0.02813526227034703
0.49,33751,1207,0.9654728531380514,0.034527146861948625,32823,928,0.9725045183846405,0.027495481615359543
0.5,33696,1262,0.9638995365867613,0.03610046341323874,32793,903,0.9732015669515669,0.02679843304843305
0.51,33638,1320,0.9622404027690371,0.03775959723096287,32761,877,0.9739282953802247,0.026071704619775253
0.52,33589,1369,0.960838720750615,0.03916127924938498,32738,851,0.9746643246300872,0.02533567536991277
0.53,33523,1435,0.9589507408890668,0.04104925911093312,32700,823,0.9754496912567491,0.0245503087432509
0.54,33474,1484,0.9575490588706448,0.04245094112935523,32677,797,0.9761904761904762,0.023809523809523808
0.55,33423,1535,0.9560901653412667,0.04390983465873334,32651,772,0.9769021332615265,0.023097866738473506
0.56,33367,1591,0.9544882430344985,0.04551175696550146,32624,743,0.9777324901849133,0.022267509815086763
0.57,33322,1636,0.9532009840379885,0.04679901596201156,32601,721,0.9783626432987216,0.021637356701278435
0.58,33276,1682,0.9518851192860004,0.04811488071399966,32576,700,0.9789638177665585,0.02103618223344152
0.59,33230,1728,0.9505692545340122,0.049430745465987753,32546,684,0.9794161901895877,0.020583809810412277
0.6,33177,1781,0.9490531494936781,0.050946850506321875,32514,663,0.980016276336016,0.019983723663984085
0.61,33137,1821,0.947908919274558,0.05209108072544196,32490,647,0.980474997736669,0.01952500226333102
0.62,33085,1873,0.946421419989702,0.05357858001029807,32459,626,0.9810790388393532,0.01892096116064682
0.63,33026,1932,0.9447336804164999,0.0552663195835002,32424,602,0.9817719372615515,0.018228062738448497
0.64,32975,1983,0.9432747868871217,0.056725213112878314,32390,585,0.9822592873388931,0.0177407126611069
0.65,32927,2031,0.9419017106241776,0.05809828937582241,32358,569,0.9827193488626356,0.01728065113736447
0.66,32875,2083,0.9404142113393215,0.059585788660678526,32324,551,0.9832395437262358,0.016760456273764258
0.67,32828,2130,0.9390697408318553,0.06093025916814463,32296,532,0.9837943219203119,0.01620567807968807
0.68,32777,2181,0.9376108473024772,0.062389152697522744,32265,512,0.9843792903560423,0.015620709643957653
0.69,32721,2237,0.9360089249957091,0.06399107500429087,32233,488,0.9850860303780447,0.01491396962195532
0.7,32674,2284,0.934664454488243,0.06533554551175697,32207,467,0.9857072902001591,0.014292709799840852
0.71,32625,2333,0.9332627724698209,0.06673722753017908,32172,453,0.9861149425287357,0.013885057471264367
0.72,32561,2397,0.9314320041192288,0.06856799588077121,32130,431,0.9867633057952766,0.013236694204723442
0.73,32502,2456,0.9297442645460267,0.07025573545397334,32089,413,0.9872930896560211,0.012706910343978832
0.74,32448,2510,0.9281995537502146,0.07180044624978546,32048,400,0.98767258382643,0.01232741617357002
0.75,32388,2570,0.9264832084215344,0.07351679157846559,32010,378,0.9883290107447202,0.011670989255279733
0.76,32327,2631,0.9247382573373762,0.07526174266262373,31971,356,0.98898753364061,0.011012466359389983
0.77,32268,2690,0.9230505177641741,0.07694948223582584,31931,337,0.989556216685261,0.010443783314739061
0.78,32205,2753,0.92124835516906,0.07875164483093998,31888,317,0.9901568079490762,0.00984319205092377
0.79,32132,2826,0.9191601350191658,0.08083986498083415,31836,296,0.990787999502054,0.009212000497945972
0.8,32072,2886,0.9174437896904857,0.08255621030951428,31795,277,0.9913631828386131,0.00863681716138688
0.81,32000,2958,0.9153841752960695,0.08461582470393043,31739,261,0.99184375,0.00815625
0.82,31939,3019,0.9136392242119115,0.08636077578808857,31691,248,0.9922351983468487,0.0077648016531513195
0.83,31867,3091,0.9115796098174953,0.08842039018250472,31636,231,0.9927511218501899,0.007248878149810148
0.84,31794,3164,0.9094913896676011,0.09050861033239888,31580,214,0.9932691702837013,0.006730829716298673
0.85,31721,3237,0.9074031695177069,0.09259683048229304,31520,201,0.9936635036726459,0.006336496327354119
0.86,31638,3320,0.9050288918130328,0.09497110818696722,31452,186,0.994120993741703,0.0058790062582969845
0.87,31543,3415,0.9023113450426226,0.09768865495737743,31375,168,0.9946739371651396,0.00532606283486035
0.88,31442,3516,0.8994221637393444,0.10057783626065564,31296,146,0.9953565294828574,0.004643470517142675
0.89,31333,3625,0.8963041363922422,0.10369586360775788,31198,135,0.9956914435259949,0.0043085564740050425
0.9,31228,3730,0.8933005320670518,0.10669946793294811,31104,124,0.9960292045600102,0.003970795439989753
0.91,31116,3842,0.8900966874535157,0.10990331254648435,31007,109,0.9964969790461499,0.003503020953850109
0.92,31005,3953,0.8869214485954574,0.1130785514045426,30902,103,0.9966779551685212,0.003322044831478794
0.93,30863,4095,0.882859431317581,0.1171405686824189,30770,93,0.9969866830833036,0.003013316916696368
0.94,30683,4275,0.8777103953315407,0.1222896046684593,30605,78,0.9974578756966398,0.002542124303360167
0.95,30469,4489,0.8715887636592482,0.12841123634075177,30398,71,0.9976697627096393,0.0023302372903606944
0.96,30160,4798,0.8627495852165455,0.13725041478345443,30101,59,0.9980437665782493,0.001956233421750663
0.97,29722,5236,0.8502202643171806,0.14977973568281938,29678,44,0.9985196150999259,0.0014803849000740192
0.98,28887,6071,0.8263344584930488,0.1736655415069512,28852,35,0.9987883823173054,0.0012116176826946377
0.99,26504,8454,0.7581669431889696,0.24183305681103037,26488,16,0.9993963175369756,0.0006036824630244491
1.0,8,34950,0.00022884604382401738,0.999771153956176,8,0,1.0,0.0
