candidate,known_space_separation,source_train_count,source_validation_count,source_test_count,training_exclusion,model_selection_exclusion,d2_exclusion,d3_exclusion,d4_exclusion,d5_exclusion,frozen_phase_c_test_isolation,provenance,same_task_relevance,artificial_construction,candidate_admissibility
AIR_PURIFIER,PASS,0,1,0,PASS,NOT_ESTABLISHED,NOT_ESTABLISHED,NOT_ESTABLISHED,NOT_ESTABLISHED,NOT_ESTABLISHED,NOT_ESTABLISHED,ESTABLISHED_BY_D6_2_4,ESTABLISHED_BY_ABO_DATASET_ROLE,PASS,NOT_ESTABLISHED
AUDIO_OR_VIDEO,PASS,0,1,1,PASS,NOT_ESTABLISHED,NOT_ESTABLISHED,NOT_ESTABLISHED,NOT_ESTABLISHED,NOT_ESTABLISHED,NOT_ESTABLISHED,ESTABLISHED_BY_D6_2_4,ESTABLISHED_BY_ABO_DATASET_ROLE,PASS,NOT_ESTABLISHED
CHILDRENS_COSTUME,PASS,0,0,16,PASS,NOT_ESTABLISHED,NOT_ESTABLISHED,NOT_ESTABLISHED,NOT_ESTABLISHED,NOT_ESTABLISHED,NOT_ESTABLISHED,ESTABLISHED_BY_D6_2_4,ESTABLISHED_BY_ABO_DATASET_ROLE,PASS,NOT_ESTABLISHED
CONDIMENT,PASS,0,0,1,PASS,NOT_ESTABLISHED,NOT_ESTABLISHED,NOT_ESTABLISHED,NOT_ESTABLISHED,NOT_ESTABLISHED,NOT_ESTABLISHED,ESTABLISHED_BY_D6_2_4,ESTABLISHED_BY_ABO_DATASET_ROLE,PASS,NOT_ESTABLISHED
COOKING_OVEN,PASS,0,0,1,PASS,NOT_ESTABLISHED,NOT_ESTABLISHED,NOT_ESTABLISHED,NOT_ESTABLISHED,NOT_ESTABLISHED,NOT_ESTABLISHED,ESTABLISHED_BY_D6_2_4,ESTABLISHED_BY_ABO_DATASET_ROLE,PASS,NOT_ESTABLISHED
DIGITAL_DEVICE_3,PASS,0,0,1,PASS,NOT_ESTABLISHED,NOT_ESTABLISHED,NOT_ESTABLISHED,NOT_ESTABLISHED,NOT_ESTABLISHED,NOT_ESTABLISHED,ESTABLISHED_BY_D6_2_4,ESTABLISHED_BY_ABO_DATASET_ROLE,PASS,NOT_ESTABLISHED
DVD_PLAYER_OR_RECORDER,PASS,0,1,0,PASS,NOT_ESTABLISHED,NOT_ESTABLISHED,NOT_ESTABLISHED,NOT_ESTABLISHED,NOT_ESTABLISHED,NOT_ESTABLISHED,ESTABLISHED_BY_D6_2_4,ESTABLISHED_BY_ABO_DATASET_ROLE,PASS,NOT_ESTABLISHED
FASHIONNECKLACEBRACELETANKLET,PASS,0,41,0,PASS,NOT_ESTABLISHED,NOT_ESTABLISHED,NOT_ESTABLISHED,NOT_ESTABLISHED,NOT_ESTABLISHED,NOT_ESTABLISHED,ESTABLISHED_BY_D6_2_4,ESTABLISHED_BY_ABO_DATASET_ROLE,PASS,NOT_ESTABLISHED
FOOD_DEHYDRATOR,PASS,0,1,0,PASS,NOT_ESTABLISHED,NOT_ESTABLISHED,NOT_ESTABLISHED,NOT_ESTABLISHED,NOT_ESTABLISHED,NOT_ESTABLISHED,ESTABLISHED_BY_D6_2_4,ESTABLISHED_BY_ABO_DATASET_ROLE,PASS,NOT_ESTABLISHED
GARLIC_PRESS,PASS,0,0,1,PASS,NOT_ESTABLISHED,NOT_ESTABLISHED,NOT_ESTABLISHED,NOT_ESTABLISHED,NOT_ESTABLISHED,NOT_ESTABLISHED,ESTABLISHED_BY_D6_2_4,ESTABLISHED_BY_ABO_DATASET_ROLE,PASS,NOT_ESTABLISHED
GUITARS,PASS,0,0,2,PASS,NOT_ESTABLISHED,NOT_ESTABLISHED,NOT_ESTABLISHED,NOT_ESTABLISHED,NOT_ESTABLISHED,NOT_ESTABLISHED,ESTABLISHED_BY_D6_2_4,ESTABLISHED_BY_ABO_DATASET_ROLE,PASS,NOT_ESTABLISHED
HAIRBAND,PASS,2,0,1,FAIL,NOT_ESTABLISHED,NOT_ESTABLISHED,NOT_ESTABLISHED,NOT_ESTABLISHED,NOT_ESTABLISHED,NOT_ESTABLISHED,ESTABLISHED_BY_D6_2_4,ESTABLISHED_BY_ABO_DATASET_ROLE,PASS,INADMISSIBLE
HARDWARE_CLAMP_VISE,PASS,0,0,1,PASS,NOT_ESTABLISHED,NOT_ESTABLISHED,NOT_ESTABLISHED,NOT_ESTABLISHED,NOT_ESTABLISHED,NOT_ESTABLISHED,ESTABLISHED_BY_D6_2_4,ESTABLISHED_BY_ABO_DATASET_ROLE,PASS,NOT_ESTABLISHED
HOME_ORGANIZERS_AND_STORAGE,PASS,0,0,1,PASS,NOT_ESTABLISHED,NOT_ESTABLISHED,NOT_ESTABLISHED,NOT_ESTABLISHED,NOT_ESTABLISHED,NOT_ESTABLISHED,ESTABLISHED_BY_D6_2_4,ESTABLISHED_BY_ABO_DATASET_ROLE,PASS,NOT_ESTABLISHED
LEHENGA_CHOLI_SET,PASS,0,0,1,PASS,NOT_ESTABLISHED,NOT_ESTABLISHED,NOT_ESTABLISHED,NOT_ESTABLISHED,NOT_ESTABLISHED,NOT_ESTABLISHED,ESTABLISHED_BY_D6_2_4,ESTABLISHED_BY_ABO_DATASET_ROLE,PASS,NOT_ESTABLISHED
MEASURING_CUP,PASS,0,5,0,PASS,NOT_ESTABLISHED,NOT_ESTABLISHED,NOT_ESTABLISHED,NOT_ESTABLISHED,NOT_ESTABLISHED,NOT_ESTABLISHED,ESTABLISHED_BY_D6_2_4,ESTABLISHED_BY_ABO_DATASET_ROLE,PASS,NOT_ESTABLISHED
NON_RIDING_TOY_VEHICLE,PASS,0,2,0,PASS,NOT_ESTABLISHED,NOT_ESTABLISHED,NOT_ESTABLISHED,NOT_ESTABLISHED,NOT_ESTABLISHED,NOT_ESTABLISHED,ESTABLISHED_BY_D6_2_4,ESTABLISHED_BY_ABO_DATASET_ROLE,PASS,NOT_ESTABLISHED
PAINT_BRUSH,PASS,0,3,0,PASS,NOT_ESTABLISHED,NOT_ESTABLISHED,NOT_ESTABLISHED,NOT_ESTABLISHED,NOT_ESTABLISHED,NOT_ESTABLISHED,ESTABLISHED_BY_D6_2_4,ESTABLISHED_BY_ABO_DATASET_ROLE,PASS,NOT_ESTABLISHED
POWERSPORTS_VEHICLE_PART,PASS,0,0,1,PASS,NOT_ESTABLISHED,NOT_ESTABLISHED,NOT_ESTABLISHED,NOT_ESTABLISHED,NOT_ESTABLISHED,NOT_ESTABLISHED,ESTABLISHED_BY_D6_2_4,ESTABLISHED_BY_ABO_DATASET_ROLE,PASS,NOT_ESTABLISHED
POWER_BANK,PASS,0,1,1,PASS,NOT_ESTABLISHED,NOT_ESTABLISHED,NOT_ESTABLISHED,NOT_ESTABLISHED,NOT_ESTABLISHED,NOT_ESTABLISHED,ESTABLISHED_BY_D6_2_4,ESTABLISHED_BY_ABO_DATASET_ROLE,PASS,NOT_ESTABLISHED
PUNCHING_BAG,PASS,1,0,2,FAIL,NOT_ESTABLISHED,NOT_ESTABLISHED,NOT_ESTABLISHED,NOT_ESTABLISHED,NOT_ESTABLISHED,NOT_ESTABLISHED,ESTABLISHED_BY_D6_2_4,ESTABLISHED_BY_ABO_DATASET_ROLE,PASS,INADMISSIBLE
SALWAR_SUIT_SET,PASS,22,1,3,FAIL,NOT_ESTABLISHED,NOT_ESTABLISHED,NOT_ESTABLISHED,NOT_ESTABLISHED,NOT_ESTABLISHED,NOT_ESTABLISHED,ESTABLISHED_BY_D6_2_4,ESTABLISHED_BY_ABO_DATASET_ROLE,PASS,INADMISSIBLE
TELESCOPE,PASS,0,2,0,PASS,NOT_ESTABLISHED,NOT_ESTABLISHED,NOT_ESTABLISHED,NOT_ESTABLISHED,NOT_ESTABLISHED,NOT_ESTABLISHED,ESTABLISHED_BY_D6_2_4,ESTABLISHED_BY_ABO_DATASET_ROLE,PASS,NOT_ESTABLISHED
TIMER,PASS,0,0,1,PASS,NOT_ESTABLISHED,NOT_ESTABLISHED,NOT_ESTABLISHED,NOT_ESTABLISHED,NOT_ESTABLISHED,NOT_ESTABLISHED,ESTABLISHED_BY_D6_2_4,ESTABLISHED_BY_ABO_DATASET_ROLE,PASS,NOT_ESTABLISHED
TREADMILL,PASS,1,0,0,FAIL,NOT_ESTABLISHED,NOT_ESTABLISHED,NOT_ESTABLISHED,NOT_ESTABLISHED,NOT_ESTABLISHED,NOT_ESTABLISHED,ESTABLISHED_BY_D6_2_4,ESTABLISHED_BY_ABO_DATASET_ROLE,PASS,INADMISSIBLE
WAIST_CINCHER,PASS,0,0,1,PASS,NOT_ESTABLISHED,NOT_ESTABLISHED,NOT_ESTABLISHED,NOT_ESTABLISHED,NOT_ESTABLISHED,NOT_ESTABLISHED,ESTABLISHED_BY_D6_2_4,ESTABLISHED_BY_ABO_DATASET_ROLE,PASS,NOT_ESTABLISHED
WIRELESS_LOCKED_PHONE,PASS,0,1,0,PASS,NOT_ESTABLISHED,NOT_ESTABLISHED,NOT_ESTABLISHED,NOT_ESTABLISHED,NOT_ESTABLISHED,NOT_ESTABLISHED,ESTABLISHED_BY_D6_2_4,ESTABLISHED_BY_ABO_DATASET_ROLE,PASS,NOT_ESTABLISHED
