candidate,total_count,source_train_count,source_validation_count,source_test_count,known_space_separation,training_exclusion,model_selection_exclusion,d2_exclusion,d3_exclusion,d4_exclusion,d5_exclusion,frozen_phase_c_test_isolation,provenance,label_validity,same_task_relevance,artificial_construction,candidate_admissibility,candidate_record_count
AIR_PURIFIER,1,0,1,0,PASS,PASS,PASS,NOT_ESTABLISHED,NOT_ESTABLISHED,NOT_ESTABLISHED,NOT_ESTABLISHED,PASS,ESTABLISHED_BY_D6_2_4,PASS,ESTABLISHED_BY_ABO_DATASET_ROLE,PASS,NOT_ESTABLISHED,1
AUDIO_OR_VIDEO,2,0,1,1,PASS,PASS,PASS,NOT_ESTABLISHED,NOT_ESTABLISHED,NOT_ESTABLISHED,NOT_ESTABLISHED,PASS,ESTABLISHED_BY_D6_2_4,PASS,ESTABLISHED_BY_ABO_DATASET_ROLE,PASS,NOT_ESTABLISHED,2
CHILDRENS_COSTUME,16,0,0,16,PASS,PASS,PASS,NOT_ESTABLISHED,NOT_ESTABLISHED,NOT_ESTABLISHED,NOT_ESTABLISHED,PASS,ESTABLISHED_BY_D6_2_4,PASS,ESTABLISHED_BY_ABO_DATASET_ROLE,PASS,NOT_ESTABLISHED,16
CONDIMENT,1,0,0,1,PASS,PASS,PASS,NOT_ESTABLISHED,NOT_ESTABLISHED,NOT_ESTABLISHED,NOT_ESTABLISHED,PASS,ESTABLISHED_BY_D6_2_4,PASS,ESTABLISHED_BY_ABO_DATASET_ROLE,PASS,NOT_ESTABLISHED,1
COOKING_OVEN,1,0,0,1,PASS,PASS,PASS,NOT_ESTABLISHED,NOT_ESTABLISHED,NOT_ESTABLISHED,NOT_ESTABLISHED,PASS,ESTABLISHED_BY_D6_2_4,PASS,ESTABLISHED_BY_ABO_DATASET_ROLE,PASS,NOT_ESTABLISHED,1
DIGITAL_DEVICE_3,1,0,0,1,PASS,PASS,PASS,NOT_ESTABLISHED,NOT_ESTABLISHED,NOT_ESTABLISHED,NOT_ESTABLISHED,PASS,ESTABLISHED_BY_D6_2_4,PASS,ESTABLISHED_BY_ABO_DATASET_ROLE,PASS,NOT_ESTABLISHED,1
DVD_PLAYER_OR_RECORDER,1,0,1,0,PASS,PASS,PASS,NOT_ESTABLISHED,NOT_ESTABLISHED,NOT_ESTABLISHED,NOT_ESTABLISHED,PASS,ESTABLISHED_BY_D6_2_4,PASS,ESTABLISHED_BY_ABO_DATASET_ROLE,PASS,NOT_ESTABLISHED,1
FASHIONNECKLACEBRACELETANKLET,41,0,41,0,PASS,PASS,PASS,NOT_ESTABLISHED,NOT_ESTABLISHED,NOT_ESTABLISHED,NOT_ESTABLISHED,PASS,ESTABLISHED_BY_D6_2_4,PASS,ESTABLISHED_BY_ABO_DATASET_ROLE,PASS,NOT_ESTABLISHED,41
FOOD_DEHYDRATOR,1,0,1,0,PASS,PASS,PASS,NOT_ESTABLISHED,NOT_ESTABLISHED,NOT_ESTABLISHED,NOT_ESTABLISHED,PASS,ESTABLISHED_BY_D6_2_4,PASS,ESTABLISHED_BY_ABO_DATASET_ROLE,PASS,NOT_ESTABLISHED,1
GARLIC_PRESS,1,0,0,1,PASS,PASS,PASS,NOT_ESTABLISHED,NOT_ESTABLISHED,NOT_ESTABLISHED,NOT_ESTABLISHED,PASS,ESTABLISHED_BY_D6_2_4,PASS,ESTABLISHED_BY_ABO_DATASET_ROLE,PASS,NOT_ESTABLISHED,1
GUITARS,2,0,0,2,PASS,PASS,PASS,NOT_ESTABLISHED,NOT_ESTABLISHED,NOT_ESTABLISHED,NOT_ESTABLISHED,PASS,ESTABLISHED_BY_D6_2_4,PASS,ESTABLISHED_BY_ABO_DATASET_ROLE,PASS,NOT_ESTABLISHED,2
HAIRBAND,3,2,0,1,PASS,FAIL,FAIL,FAIL,FAIL,FAIL,FAIL,PASS,ESTABLISHED_BY_D6_2_4,PASS,ESTABLISHED_BY_ABO_DATASET_ROLE,PASS,INADMISSIBLE,3
HARDWARE_CLAMP_VISE,1,0,0,1,PASS,PASS,PASS,NOT_ESTABLISHED,NOT_ESTABLISHED,NOT_ESTABLISHED,NOT_ESTABLISHED,PASS,ESTABLISHED_BY_D6_2_4,PASS,ESTABLISHED_BY_ABO_DATASET_ROLE,PASS,NOT_ESTABLISHED,1
HOME_ORGANIZERS_AND_STORAGE,1,0,0,1,PASS,PASS,PASS,NOT_ESTABLISHED,NOT_ESTABLISHED,NOT_ESTABLISHED,NOT_ESTABLISHED,PASS,ESTABLISHED_BY_D6_2_4,PASS,ESTABLISHED_BY_ABO_DATASET_ROLE,PASS,NOT_ESTABLISHED,1
LEHENGA_CHOLI_SET,1,0,0,1,PASS,PASS,PASS,NOT_ESTABLISHED,NOT_ESTABLISHED,NOT_ESTABLISHED,NOT_ESTABLISHED,PASS,ESTABLISHED_BY_D6_2_4,PASS,ESTABLISHED_BY_ABO_DATASET_ROLE,PASS,NOT_ESTABLISHED,1
MEASURING_CUP,5,0,5,0,PASS,PASS,PASS,NOT_ESTABLISHED,NOT_ESTABLISHED,NOT_ESTABLISHED,NOT_ESTABLISHED,PASS,ESTABLISHED_BY_D6_2_4,PASS,ESTABLISHED_BY_ABO_DATASET_ROLE,PASS,NOT_ESTABLISHED,5
NON_RIDING_TOY_VEHICLE,2,0,2,0,PASS,PASS,PASS,NOT_ESTABLISHED,NOT_ESTABLISHED,NOT_ESTABLISHED,NOT_ESTABLISHED,PASS,ESTABLISHED_BY_D6_2_4,PASS,ESTABLISHED_BY_ABO_DATASET_ROLE,PASS,NOT_ESTABLISHED,2
PAINT_BRUSH,3,0,3,0,PASS,PASS,PASS,NOT_ESTABLISHED,NOT_ESTABLISHED,NOT_ESTABLISHED,NOT_ESTABLISHED,PASS,ESTABLISHED_BY_D6_2_4,PASS,ESTABLISHED_BY_ABO_DATASET_ROLE,PASS,NOT_ESTABLISHED,3
POWERSPORTS_VEHICLE_PART,1,0,0,1,PASS,PASS,PASS,NOT_ESTABLISHED,NOT_ESTABLISHED,NOT_ESTABLISHED,NOT_ESTABLISHED,PASS,ESTABLISHED_BY_D6_2_4,PASS,ESTABLISHED_BY_ABO_DATASET_ROLE,PASS,NOT_ESTABLISHED,1
POWER_BANK,2,0,1,1,PASS,PASS,PASS,NOT_ESTABLISHED,NOT_ESTABLISHED,NOT_ESTABLISHED,NOT_ESTABLISHED,PASS,ESTABLISHED_BY_D6_2_4,PASS,ESTABLISHED_BY_ABO_DATASET_ROLE,PASS,NOT_ESTABLISHED,2
PUNCHING_BAG,3,1,0,2,PASS,FAIL,FAIL,FAIL,FAIL,FAIL,FAIL,PASS,ESTABLISHED_BY_D6_2_4,PASS,ESTABLISHED_BY_ABO_DATASET_ROLE,PASS,INADMISSIBLE,3
SALWAR_SUIT_SET,26,22,1,3,PASS,FAIL,FAIL,FAIL,FAIL,FAIL,FAIL,PASS,ESTABLISHED_BY_D6_2_4,PASS,ESTABLISHED_BY_ABO_DATASET_ROLE,PASS,INADMISSIBLE,26
TELESCOPE,2,0,2,0,PASS,PASS,PASS,NOT_ESTABLISHED,NOT_ESTABLISHED,NOT_ESTABLISHED,NOT_ESTABLISHED,PASS,ESTABLISHED_BY_D6_2_4,PASS,ESTABLISHED_BY_ABO_DATASET_ROLE,PASS,NOT_ESTABLISHED,2
TIMER,1,0,0,1,PASS,PASS,PASS,NOT_ESTABLISHED,NOT_ESTABLISHED,NOT_ESTABLISHED,NOT_ESTABLISHED,PASS,ESTABLISHED_BY_D6_2_4,PASS,ESTABLISHED_BY_ABO_DATASET_ROLE,PASS,NOT_ESTABLISHED,1
TREADMILL,1,1,0,0,PASS,FAIL,FAIL,FAIL,FAIL,FAIL,FAIL,PASS,ESTABLISHED_BY_D6_2_4,PASS,ESTABLISHED_BY_ABO_DATASET_ROLE,PASS,INADMISSIBLE,1
WAIST_CINCHER,1,0,0,1,PASS,PASS,PASS,NOT_ESTABLISHED,NOT_ESTABLISHED,NOT_ESTABLISHED,NOT_ESTABLISHED,PASS,ESTABLISHED_BY_D6_2_4,PASS,ESTABLISHED_BY_ABO_DATASET_ROLE,PASS,NOT_ESTABLISHED,1
WIRELESS_LOCKED_PHONE,1,0,1,0,PASS,PASS,PASS,NOT_ESTABLISHED,NOT_ESTABLISHED,NOT_ESTABLISHED,NOT_ESTABLISHED,PASS,ESTABLISHED_BY_D6_2_4,PASS,ESTABLISHED_BY_ABO_DATASET_ROLE,PASS,NOT_ESTABLISHED,1
