bin_index,lower_bound,upper_bound,interval,count,correct,errors,coverage_fraction,mean_calibrated_confidence,empirical_accuracy,empirical_error_rate,confidence_correctness_gap
0,0.0,0.06666666666666667,"[0.000000,0.066667)",0,0,0,0.0,0.0,0.0,0.0,0.0
1,0.06666666666666667,0.13333333333333333,"[0.066667,0.133333)",55,10,45,0.0015733165512901196,0.10849078758196397,0.18181818181818182,0.8181818181818182,-0.07332739423621785
2,0.13333333333333333,0.2,"[0.133333,0.200000)",119,27,92,0.003404084901882259,0.17020087307240783,0.226890756302521,0.773109243697479,-0.056689883230113175
3,0.2,0.26666666666666666,"[0.200000,0.266667)",152,40,112,0.0043480748326563306,0.233766999781916,0.2631578947368421,0.7368421052631579,-0.029390894954926083
4,0.26666666666666666,0.3333333333333333,"[0.266667,0.333333)",238,78,160,0.006808169803764518,0.300293606619875,0.3277310924369748,0.6722689075630253,-0.027437485817099816
5,0.3333333333333333,0.4,"[0.333333,0.400000)",247,112,135,0.007065621603066537,0.3683449820226986,0.4534412955465587,0.5465587044534413,-0.0850963135238601
6,0.4,0.4666666666666667,"[0.400000,0.466667)",286,136,150,0.008181246066708621,0.43619002735281326,0.4755244755244755,0.5244755244755245,-0.03933444817166226
7,0.4666666666666667,0.5333333333333333,"[0.466667,0.533333)",351,183,168,0.010040620172778764,0.5014726744587944,0.5213675213675214,0.47863247863247865,-0.019894846908727004
8,0.5333333333333333,0.6,"[0.533333,0.600000)",333,180,153,0.009525716574174723,0.566379543718275,0.5405405405405406,0.4594594594594595,0.025839003177734465
9,0.6,0.6666666666666666,"[0.600000,0.666667)",328,207,121,0.009382687796784714,0.6333594947326474,0.6310975609756098,0.36890243902439024,0.0022619337570376485
10,0.6666666666666666,0.7333333333333333,"[0.666667,0.733333)",356,223,133,0.010183648950168774,0.6995024006353335,0.6264044943820225,0.37359550561797755,0.07309790625331103
11,0.7333333333333333,0.8,"[0.733333,0.800000)",421,289,132,0.012043023056238914,0.766765993592858,0.6864608076009501,0.31353919239904987,0.08030518599190795
12,0.8,0.8666666666666667,"[0.800000,0.866667)",504,403,101,0.014417300760913096,0.8357037652343039,0.7996031746031746,0.2003968253968254,0.03610059063112925
13,0.8666666666666667,0.9333333333333333,"[0.866667,0.933333)",760,671,89,0.021740374163281652,0.9027633326618295,0.8828947368421053,0.11710526315789474,0.019868595819724222
14,0.9333333333333333,1.0,"[0.933333,1.000000]",30808,30721,87,0.8812861147662909,0.9946516538612009,0.99717605816671,0.0028239418332900545,-0.0025244043055090426
