class_id,support,correct,errors,accuracy,error_rate,mean_confidence,high_confidence_error_count_ge_0_90,high_confidence_error_rate_ge_0_90
186,378,218,160,0.5767195767195767,0.42328042328042326,0.6747719103263484,8,0.05
187,475,369,106,0.7768421052631579,0.2231578947368421,0.7412087911367417,7,0.0660377358490566
241,234,167,67,0.7136752136752137,0.2863247863247863,0.742325442055097,10,0.14925373134328357
54,80,16,64,0.2,0.8,0.40238069500774143,1,0.015625
243,105,50,55,0.47619047619047616,0.5238095238095238,0.6258796403805414,6,0.10909090909090909
96,29403,29349,54,0.9981634527089073,0.0018365472910927456,0.991378037420332,1,0.018518518518518517
318,103,49,54,0.47572815533980584,0.5242718446601942,0.738613274201606,8,0.14814814814814814
330,113,63,50,0.5575221238938053,0.4424778761061947,0.530497944856112,5,0.1
422,669,626,43,0.9357249626307922,0.06427503736920777,0.945905694957984,9,0.20930232558139536
242,161,125,36,0.7763975155279503,0.2236024844720497,0.7751419559028578,2,0.05555555555555555
222,217,183,34,0.8433179723502304,0.15668202764976957,0.716364187785008,2,0.058823529411764705
160,100,70,30,0.7,0.3,0.7428618705272675,1,0.03333333333333333
189,349,323,26,0.9255014326647565,0.07449856733524356,0.8922784515045434,4,0.15384615384615385
404,103,79,24,0.7669902912621359,0.23300970873786409,0.8616343218724705,4,0.16666666666666666
99,92,68,24,0.7391304347826086,0.2608695652173913,0.7044040429527345,0,0.0
74,30,7,23,0.23333333333333334,0.7666666666666667,0.5563780362407367,0,0.0
62,107,85,22,0.794392523364486,0.205607476635514,0.8139750762520549,5,0.22727272727272727
206,39,17,22,0.4358974358974359,0.5641025641025641,0.7063550238425915,0,0.0
231,35,15,20,0.42857142857142855,0.5714285714285714,0.4654281611953463,1,0.05
27,23,4,19,0.17391304347826086,0.8260869565217391,0.3498513990122339,1,0.05263157894736842
10,19,1,18,0.05263157894736842,0.9473684210526315,0.4822396816391694,0,0.0
268,43,26,17,0.6046511627906976,0.3953488372093023,0.5724269841299501,1,0.058823529411764705
113,22,5,17,0.22727272727272727,0.7727272727272727,0.538391540673646,1,0.058823529411764705
179,17,0,17,0.0,1.0,0.7077317868962008,3,0.17647058823529413
291,25,9,16,0.36,0.64,0.41820359766483306,1,0.0625
181,17,1,16,0.058823529411764705,0.9411764705882353,0.6671053276342505,2,0.125
445,49,35,14,0.7142857142857143,0.2857142857142857,0.7390493674545872,1,0.07142857142857142
238,41,27,14,0.6585365853658537,0.34146341463414637,0.6424872151962141,0,0.0
365,31,18,13,0.5806451612903226,0.41935483870967744,0.4746083862358524,0,0.0
531,27,14,13,0.5185185185185185,0.48148148148148145,0.5069787436061435,0,0.0
465,20,7,13,0.35,0.65,0.374383757263422,0,0.0
393,35,23,12,0.6571428571428571,0.34285714285714286,0.8866439027445657,5,0.4166666666666667
51,29,17,12,0.5862068965517241,0.41379310344827586,0.5505955858991064,0,0.0
477,12,0,12,0.0,1.0,0.3807803504168987,1,0.08333333333333333
166,24,13,11,0.5416666666666666,0.4583333333333333,0.5158668775111437,0,0.0
188,13,2,11,0.15384615384615385,0.8461538461538461,0.5632166885412656,2,0.18181818181818182
258,47,37,10,0.7872340425531915,0.2127659574468085,0.8228485544628286,2,0.2
67,20,10,10,0.5,0.5,0.7546642020344734,4,0.4
340,16,6,10,0.375,0.625,0.47677276842296124,0,0.0
341,10,0,10,0.0,1.0,0.41275257915258406,0,0.0
543,38,29,9,0.7631578947368421,0.23684210526315788,0.6306579822772428,0,0.0
489,27,18,9,0.6666666666666666,0.3333333333333333,0.5513358209972028,0,0.0
2,11,2,9,0.18181818181818182,0.8181818181818182,0.4354601258581335,1,0.1111111111111111
112,33,25,8,0.7575757575757576,0.24242424242424243,0.6553711484779011,0,0.0
335,32,24,8,0.75,0.25,0.6394746908918023,1,0.125
453,9,1,8,0.1111111111111111,0.8888888888888888,0.47517382270760006,0,0.0
9,93,86,7,0.9247311827956989,0.07526881720430108,0.8570022829758224,0,0.0
350,57,50,7,0.8771929824561403,0.12280701754385964,0.8220677665973964,0,0.0
474,29,22,7,0.7586206896551724,0.2413793103448276,0.773980949973238,0,0.0
361,12,5,7,0.4166666666666667,0.5833333333333334,0.568232823163271,0,0.0
455,9,2,7,0.2222222222222222,0.7777777777777778,0.4307162132528093,0,0.0
314,8,1,7,0.125,0.875,0.7087755985558033,2,0.2857142857142857
230,38,32,6,0.8421052631578947,0.15789473684210525,0.8581495532079747,0,0.0
140,18,12,6,0.6666666666666666,0.3333333333333333,0.6101392126745648,0,0.0
419,14,8,6,0.5714285714285714,0.42857142857142855,0.6432768319334302,0,0.0
326,13,7,6,0.5384615384615384,0.46153846153846156,0.7087304294109344,0,0.0
406,13,7,6,0.5384615384615384,0.46153846153846156,0.6913085832045629,1,0.16666666666666666
236,12,6,6,0.5,0.5,0.5415410039325556,0,0.0
353,6,0,6,0.0,1.0,0.6733928074439367,2,0.3333333333333333
378,6,0,6,0.0,1.0,0.3403147446612517,0,0.0
418,6,0,6,0.0,1.0,0.8104046682516733,2,0.3333333333333333
285,36,31,5,0.8611111111111112,0.1388888888888889,0.8010673572619756,0,0.0
235,28,23,5,0.8214285714285714,0.17857142857142858,0.8612902079309736,0,0.0
47,18,13,5,0.7222222222222222,0.2777777777777778,0.5848487938443819,0,0.0
259,15,10,5,0.6666666666666666,0.3333333333333333,0.660226579507192,0,0.0
454,13,8,5,0.6153846153846154,0.38461538461538464,0.5602408441213461,0,0.0
427,9,4,5,0.4444444444444444,0.5555555555555556,0.7019956741068099,0,0.0
244,7,2,5,0.2857142857142857,0.7142857142857143,0.4490873707192285,0,0.0
428,7,2,5,0.2857142857142857,0.7142857142857143,0.5029507449695042,0,0.0
245,6,1,5,0.16666666666666666,0.8333333333333334,0.6930325776338577,2,0.4
470,5,0,5,0.0,1.0,0.5571755051612854,0,0.0
35,24,20,4,0.8333333333333334,0.16666666666666666,0.6907160341118773,1,0.25
49,16,12,4,0.75,0.25,0.6320399856194854,0,0.0
149,8,4,4,0.5,0.5,0.5855281911790371,0,0.0
156,8,4,4,0.5,0.5,0.588126178830862,0,0.0
374,7,3,4,0.42857142857142855,0.5714285714285714,0.6743488482066563,0,0.0
50,6,2,4,0.3333333333333333,0.6666666666666666,0.37369835873444873,0,0.0
262,6,2,4,0.3333333333333333,0.6666666666666666,0.6549714356660843,0,0.0
387,6,2,4,0.3333333333333333,0.6666666666666666,0.7562817633152008,1,0.25
143,5,1,4,0.2,0.8,0.5900922954082489,1,0.25
431,5,1,4,0.2,0.8,0.4322836220264435,0,0.0
3,4,0,4,0.0,1.0,0.39212343096733093,1,0.25
41,4,0,4,0.0,1.0,0.5900653526186943,0,0.0
120,4,0,4,0.0,1.0,0.566227026283741,0,0.0
415,4,0,4,0.0,1.0,0.27655408903956413,0,0.0
440,34,31,3,0.9117647058823529,0.08823529411764706,0.8801438773379606,1,0.3333333333333333
152,20,17,3,0.85,0.15,0.7538830805569887,0,0.0
144,11,8,3,0.7272727272727273,0.2727272727272727,0.7638623551888899,1,0.3333333333333333
547,11,8,3,0.7272727272727273,0.2727272727272727,0.752315414222804,0,0.0
104,10,7,3,0.7,0.3,0.6337974607944489,0,0.0
109,10,7,3,0.7,0.3,0.6175981014966965,0,0.0
239,10,7,3,0.7,0.3,0.6022569507360458,0,0.0
494,9,6,3,0.6666666666666666,0.3333333333333333,0.7710155314869351,0,0.0
68,6,3,3,0.5,0.5,0.8038452565670013,0,0.0
108,6,3,3,0.5,0.5,0.8275996148586273,0,0.0
255,6,3,3,0.5,0.5,0.7534867922465006,0,0.0
524,6,3,3,0.5,0.5,0.5075390487909317,0,0.0
312,5,2,3,0.4,0.6,0.5434937000274658,0,0.0
487,5,2,3,0.4,0.6,0.474730122089386,0,0.0
159,4,1,3,0.25,0.75,0.4757198095321655,0,0.0
265,4,1,3,0.25,0.75,0.4701733849942684,0,0.0
52,3,0,3,0.0,1.0,0.6590531468391418,0,0.0
115,3,0,3,0.0,1.0,0.34117166697978973,0,0.0
121,3,0,3,0.0,1.0,0.8495044112205505,2,0.6666666666666666
284,23,21,2,0.9130434782608695,0.08695652173913043,0.9192083335441091,0,0.0
292,17,15,2,0.8823529411764706,0.11764705882352941,0.6182263695141849,0,0.0
457,16,14,2,0.875,0.125,0.8081231452524662,0,0.0
197,10,8,2,0.8,0.2,0.8506659075617791,1,0.5
34,7,5,2,0.7142857142857143,0.2857142857142857,0.5905957009111132,0,0.0
460,6,4,2,0.6666666666666666,0.3333333333333333,0.726276362935702,1,0.5
443,5,3,2,0.6,0.4,0.5767225652933121,0,0.0
483,5,3,2,0.6,0.4,0.7887283086776733,0,0.0
70,4,2,2,0.5,0.5,0.5719102211296558,0,0.0
246,4,2,2,0.5,0.5,0.6879467666149139,0,0.0
281,4,2,2,0.5,0.5,0.5580419972538948,0,0.0
301,4,2,2,0.5,0.5,0.4683055579662323,0,0.0
329,4,2,2,0.5,0.5,0.6693953350186348,0,0.0
405,4,2,2,0.5,0.5,0.6225545927882195,0,0.0
45,3,1,2,0.3333333333333333,0.6666666666666666,0.49598295489947003,0,0.0
82,3,1,2,0.3333333333333333,0.6666666666666666,0.3123855839172999,0,0.0
97,3,1,2,0.3333333333333333,0.6666666666666666,0.6522639592488607,0,0.0
116,3,1,2,0.3333333333333333,0.6666666666666666,0.603822335600853,0,0.0
155,3,1,2,0.3333333333333333,0.6666666666666666,0.564674566189448,0,0.0
185,3,1,2,0.3333333333333333,0.6666666666666666,0.5138613979021708,0,0.0
366,3,1,2,0.3333333333333333,0.6666666666666666,0.31934237480163574,0,0.0
413,3,1,2,0.3333333333333333,0.6666666666666666,0.5096093763907751,0,0.0
533,3,1,2,0.3333333333333333,0.6666666666666666,0.5160671671231588,0,0.0
545,3,1,2,0.3333333333333333,0.6666666666666666,0.606326957543691,0,0.0
546,3,1,2,0.3333333333333333,0.6666666666666666,0.38575269281864166,0,0.0
21,2,0,2,0.0,1.0,0.33581069111824036,0,0.0
22,2,0,2,0.0,1.0,0.7156663239002228,1,0.5
43,2,0,2,0.0,1.0,0.7815949320793152,0,0.0
76,2,0,2,0.0,1.0,0.30141519010066986,0,0.0
79,2,0,2,0.0,1.0,0.4173736423254013,0,0.0
83,2,0,2,0.0,1.0,0.6096198260784149,0,0.0
87,2,0,2,0.0,1.0,0.4362039268016815,0,0.0
91,2,0,2,0.0,1.0,0.196366548538208,0,0.0
294,2,0,2,0.0,1.0,0.9217478930950165,1,0.5
296,2,0,2,0.0,1.0,0.2689985856413841,0,0.0
320,2,0,2,0.0,1.0,0.32788652926683426,0,0.0
325,2,0,2,0.0,1.0,0.3361038342118263,0,0.0
336,2,0,2,0.0,1.0,0.776693195104599,0,0.0
342,2,0,2,0.0,1.0,0.3831890895962715,0,0.0
360,2,0,2,0.0,1.0,0.827300488948822,1,0.5
362,2,0,2,0.0,1.0,0.515659287571907,0,0.0
375,2,0,2,0.0,1.0,0.8489173948764801,1,0.5
390,2,0,2,0.0,1.0,0.1328052543103695,0,0.0
458,2,0,2,0.0,1.0,0.6065030544996262,0,0.0
506,2,0,2,0.0,1.0,0.21457193791866302,0,0.0
510,2,0,2,0.0,1.0,0.6597967594861984,0,0.0
535,2,0,2,0.0,1.0,0.6013117134571075,0,0.0
232,36,35,1,0.9722222222222222,0.027777777777777776,0.9492120113637712,0,0.0
452,15,14,1,0.9333333333333333,0.06666666666666667,0.9771280368169148,1,1.0
101,13,12,1,0.9230769230769231,0.07692307692307693,0.6584056329268676,0,0.0
248,11,10,1,0.9090909090909091,0.09090909090909091,0.39570351622321387,0,0.0
237,10,9,1,0.9,0.1,0.6542183786630631,0,0.0
359,10,9,1,0.9,0.1,0.8661428689956665,0,0.0
198,9,8,1,0.8888888888888888,0.1111111111111111,0.8787610597080655,0,0.0
107,8,7,1,0.875,0.125,0.8845217972993851,0,0.0
145,6,5,1,0.8333333333333334,0.16666666666666666,0.6881592671076456,0,0.0
304,6,5,1,0.8333333333333334,0.16666666666666666,0.8347205718358358,0,0.0
257,5,4,1,0.8,0.2,0.6390026688575745,0,0.0
503,5,4,1,0.8,0.2,0.4932568669319153,0,0.0
56,4,3,1,0.75,0.25,0.49753760918974876,0,0.0
157,4,3,1,0.75,0.25,0.8150237873196602,0,0.0
290,4,3,1,0.75,0.25,0.4711542911827564,0,0.0
306,4,3,1,0.75,0.25,0.6062749661505222,0,0.0
381,4,3,1,0.75,0.25,0.70288997143507,0,0.0
476,4,3,1,0.75,0.25,0.6809798553586006,0,0.0
493,4,3,1,0.75,0.25,0.23395830392837524,0,0.0
6,3,2,1,0.6666666666666666,0.3333333333333333,0.5906084775924683,0,0.0
60,3,2,1,0.6666666666666666,0.3333333333333333,0.6788017849127451,0,0.0
63,3,2,1,0.6666666666666666,0.3333333333333333,0.6887627243995667,0,0.0
98,3,2,1,0.6666666666666666,0.3333333333333333,0.6210396687189738,0,0.0
167,3,2,1,0.6666666666666666,0.3333333333333333,0.44869903723398846,0,0.0
173,3,2,1,0.6666666666666666,0.3333333333333333,0.682218333085378,0,0.0
358,3,2,1,0.6666666666666666,0.3333333333333333,0.653108537197113,0,0.0
367,3,2,1,0.6666666666666666,0.3333333333333333,0.49351181586583454,0,0.0
13,2,1,1,0.5,0.5,0.5686312615871429,0,0.0
72,2,1,1,0.5,0.5,0.761713981628418,0,0.0
94,2,1,1,0.5,0.5,0.5775460451841354,0,0.0
105,2,1,1,0.5,0.5,0.6222633719444275,0,0.0
129,2,1,1,0.5,0.5,0.8384202420711517,0,0.0
134,2,1,1,0.5,0.5,0.6277609467506409,0,0.0
158,2,1,1,0.5,0.5,0.8300809860229492,0,0.0
164,2,1,1,0.5,0.5,0.5712463408708572,0,0.0
175,2,1,1,0.5,0.5,0.5026909112930298,0,0.0
210,2,1,1,0.5,0.5,0.7972422540187836,0,0.0
211,2,1,1,0.5,0.5,0.6269016861915588,0,0.0
269,2,1,1,0.5,0.5,0.5356898158788681,0,0.0
309,2,1,1,0.5,0.5,0.34546805918216705,0,0.0
345,2,1,1,0.5,0.5,0.4356982111930847,0,0.0
346,2,1,1,0.5,0.5,0.6458243280649185,0,0.0
382,2,1,1,0.5,0.5,0.6323724389076233,0,0.0
423,2,1,1,0.5,0.5,0.5273470282554626,0,0.0
437,2,1,1,0.5,0.5,0.6593883633613586,0,0.0
439,2,1,1,0.5,0.5,0.6422327905893326,0,0.0
498,2,1,1,0.5,0.5,0.39198026061058044,0,0.0
521,2,1,1,0.5,0.5,0.6176926791667938,0,0.0
1,1,0,1,0.0,1.0,0.46476230025291443,0,0.0
102,1,0,1,0.0,1.0,0.3293122947216034,0,0.0
103,1,0,1,0.0,1.0,0.897876501083374,0,0.0
110,1,0,1,0.0,1.0,0.23195312917232513,0,0.0
135,1,0,1,0.0,1.0,0.7531754970550537,0,0.0
192,1,0,1,0.0,1.0,0.16573269665241241,0,0.0
203,1,0,1,0.0,1.0,0.35979804396629333,0,0.0
212,1,0,1,0.0,1.0,0.35229992866516113,0,0.0
221,1,0,1,0.0,1.0,0.1377287060022354,0,0.0
226,1,0,1,0.0,1.0,0.8839742541313171,0,0.0
229,1,0,1,0.0,1.0,0.7029327154159546,0,0.0
233,1,0,1,0.0,1.0,0.6283814311027527,0,0.0
240,1,0,1,0.0,1.0,0.2608560621738434,0,0.0
253,1,0,1,0.0,1.0,0.7482916712760925,0,0.0
260,1,0,1,0.0,1.0,0.8517048358917236,0,0.0
273,1,0,1,0.0,1.0,0.24019275605678558,0,0.0
277,1,0,1,0.0,1.0,0.4664367735385895,0,0.0
300,1,0,1,0.0,1.0,0.692272424697876,0,0.0
310,1,0,1,0.0,1.0,0.6508172750473022,0,0.0
337,1,0,1,0.0,1.0,0.5485311150550842,0,0.0
339,1,0,1,0.0,1.0,0.5393760800361633,0,0.0
371,1,0,1,0.0,1.0,0.7219321131706238,0,0.0
383,1,0,1,0.0,1.0,0.5113635063171387,0,0.0
385,1,0,1,0.0,1.0,0.11228296160697937,0,0.0
444,1,0,1,0.0,1.0,0.10040618479251862,0,0.0
451,1,0,1,0.0,1.0,0.7114977240562439,0,0.0
538,1,0,1,0.0,1.0,0.8678784966468811,0,0.0
398,24,24,0,1.0,0.0,0.9172010334829489,0,0.0
529,24,24,0,1.0,0.0,0.9383863161007563,0,0.0
199,22,22,0,1.0,0.0,0.8910948525775563,0,0.0
333,18,18,0,1.0,0.0,0.8699813485145569,0,0.0
402,18,18,0,1.0,0.0,0.7202545603116354,0,0.0
275,17,17,0,1.0,0.0,0.865310796919991,0,0.0
272,14,14,0,1.0,0.0,0.8336188814469746,0,0.0
541,8,8,0,1.0,0.0,0.9208618551492691,0,0.0
215,7,7,0,1.0,0.0,0.9184403078896659,0,0.0
410,7,7,0,1.0,0.0,0.9866017018045697,0,0.0
527,7,7,0,1.0,0.0,0.8413844917501722,0,0.0
124,6,6,0,1.0,0.0,0.7258851031462351,0,0.0
183,5,5,0,1.0,0.0,0.8295594692230225,0,0.0
355,5,5,0,1.0,0.0,0.915981113910675,0,0.0
509,5,5,0,1.0,0.0,0.9326653122901917,0,0.0
90,4,4,0,1.0,0.0,0.9811291098594666,0,0.0
214,4,4,0,1.0,0.0,0.6937190741300583,0,0.0
288,4,4,0,1.0,0.0,0.7496524825692177,0,0.0
501,4,4,0,1.0,0.0,0.7628486156463623,0,0.0
106,3,3,0,1.0,0.0,0.8710677027702332,0,0.0
178,3,3,0,1.0,0.0,0.7587990562121073,0,0.0
196,3,3,0,1.0,0.0,0.6582050025463104,0,0.0
266,3,3,0,1.0,0.0,0.8970468640327454,0,0.0
316,3,3,0,1.0,0.0,0.9098546306292216,0,0.0
4,2,2,0,1.0,0.0,0.5110255479812622,0,0.0
5,2,2,0,1.0,0.0,0.40298038721084595,0,0.0
30,2,2,0,1.0,0.0,0.601394459605217,0,0.0
48,2,2,0,1.0,0.0,0.632777065038681,0,0.0
73,2,2,0,1.0,0.0,0.5519871711730957,0,0.0
84,2,2,0,1.0,0.0,0.642518475651741,0,0.0
85,2,2,0,1.0,0.0,0.9956203997135162,0,0.0
151,2,2,0,1.0,0.0,0.6115412414073944,0,0.0
163,2,2,0,1.0,0.0,0.9330588579177856,0,0.0
180,2,2,0,1.0,0.0,0.9922567903995514,0,0.0
254,2,2,0,1.0,0.0,0.9365091323852539,0,0.0
303,2,2,0,1.0,0.0,0.48567111045122147,0,0.0
324,2,2,0,1.0,0.0,0.7633812725543976,0,0.0
364,2,2,0,1.0,0.0,0.45698878169059753,0,0.0
379,2,2,0,1.0,0.0,0.9667236804962158,0,0.0
409,2,2,0,1.0,0.0,0.5918474346399307,0,0.0
448,2,2,0,1.0,0.0,0.7050216495990753,0,0.0
450,2,2,0,1.0,0.0,0.3910318613052368,0,0.0
467,2,2,0,1.0,0.0,0.7407210767269135,0,0.0
486,2,2,0,1.0,0.0,0.9378452599048615,0,0.0
540,2,2,0,1.0,0.0,0.5739054381847382,0,0.0
136,1,1,0,1.0,0.0,0.8079579472541809,0,0.0
147,1,1,0,1.0,0.0,0.4459162652492523,0,0.0
162,1,1,0,1.0,0.0,0.9955453872680664,0,0.0
170,1,1,0,1.0,0.0,0.49552464485168457,0,0.0
176,1,1,0,1.0,0.0,0.9887394905090332,0,0.0
195,1,1,0,1.0,0.0,0.5335718989372253,0,0.0
202,1,1,0,1.0,0.0,0.8003849387168884,0,0.0
256,1,1,0,1.0,0.0,0.8847640156745911,0,0.0
299,1,1,0,1.0,0.0,0.9914683103561401,0,0.0
328,1,1,0,1.0,0.0,0.8211352229118347,0,0.0
363,1,1,0,1.0,0.0,0.9595313668251038,0,0.0
373,1,1,0,1.0,0.0,0.18879005312919617,0,0.0
411,1,1,0,1.0,0.0,0.9431140422821045,0,0.0
425,1,1,0,1.0,0.0,0.5575889348983765,0,0.0
438,1,1,0,1.0,0.0,0.884598970413208,0,0.0
459,1,1,0,1.0,0.0,0.7390457987785339,0,0.0
497,1,1,0,1.0,0.0,0.7797378301620483,0,0.0
537,1,1,0,1.0,0.0,0.5823501944541931,0,0.0
544,1,1,0,1.0,0.0,0.5424341559410095,0,0.0
