threshold,total_records,accepted_count,review_count,coverage,review_rate,accepted_errors,reviewed_errors,model_error_capture_rate,selective_risk
0.0,34958,34958,0,1.0,0.0,1678,0,0.0,0.04800045769208765
0.01,34958,34958,0,1.0,0.0,1678,0,0.0,0.04800045769208765
0.02,34958,34958,0,1.0,0.0,1678,0,0.0,0.04800045769208765
0.03,34958,34958,0,1.0,0.0,1678,0,0.0,0.04800045769208765
0.04,34958,34958,0,1.0,0.0,1678,0,0.0,0.04800045769208765
0.05,34958,34958,0,1.0,0.0,1678,0,0.0,0.04800045769208765
0.06,34958,34958,0,1.0,0.0,1678,0,0.0,0.04800045769208765
0.07,34958,34958,0,1.0,0.0,1678,0,0.0,0.04800045769208765
0.08,34958,34955,3,0.999914182733566,8.581726643400653e-05,1678,0,0.0,0.048004577313689026
0.09,34958,34950,8,0.999771153956176,0.00022884604382401738,1674,4,0.0023837902264600714,0.047896995708154505
0.1,34958,34942,16,0.999542307912352,0.00045769208764803477,1666,12,0.007151370679380214,0.04767901093240227
0.11,34958,34931,27,0.9992276446020939,0.0007723553979060586,1656,22,0.013110846245530394,0.0474077467006384
0.12,34958,34919,39,0.9988843755363579,0.0011156244636420848,1644,34,0.02026221692491061,0.047080386036255334
0.13,34958,34909,49,0.9985983179815779,0.0014016820184221065,1636,42,0.025029797377830752,0.046864705376836915
0.14,34958,34894,64,0.9981692316494079,0.001830768350592139,1624,54,0.03218116805721097,0.04654095259930074
0.15,34958,34878,80,0.9977115395617598,0.0022884604382401737,1613,65,0.03873659117997616,0.0462469178278571
0.16,34958,34866,92,0.9973682704960238,0.0026317295039762,1601,77,0.045887961859356376,0.045918660012619746
0.17,34958,34850,108,0.9969105784083757,0.0030894215916242346,1588,90,0.05363528009535161,0.04556671449067432
0.18,34958,34830,128,0.9963384632988157,0.003661536701184278,1573,105,0.06257449344457688,0.04516221648004594
0.19,34958,34807,151,0.9956805309228217,0.004319469077178328,1558,120,0.07151370679380215,0.04476111127072141
0.2,34958,34784,174,0.9950225985468276,0.004977401453172378,1541,137,0.08164481525625746,0.04430197792088317
0.21,34958,34762,196,0.9943932719263116,0.005606728073688426,1524,154,0.09177592371871275,0.04384097577814855
0.22,34958,34746,212,0.9939355798386635,0.006064420161336461,1510,168,0.10011918951132301,0.04345823979738675
0.23,34958,34720,238,0.9931918301962355,0.006808169803764518,1491,187,0.11144219308700834,0.042943548387096776
0.24,34958,34695,263,0.9924766863092854,0.007523313690714572,1470,208,0.12395709177592372,0.04236921746649373
0.25,34958,34664,294,0.9915899078894673,0.00841009211053264,1446,232,0.13825983313468415,0.041714747288252946
0.26,34958,34646,312,0.9910750042908634,0.008924995709136678,1437,241,0.1436233611442193,0.04147664954107256
0.27,34958,34616,342,0.9902168316265233,0.009783168373476743,1414,264,0.1573301549463647,0.04084816269932979
0.28,34958,34585,373,0.9893300532067052,0.010669946793294811,1390,288,0.17163289630512515,0.04019083417666618
0.29,34958,34551,407,0.9883574575204531,0.011642542479546885,1362,316,0.18831942789034564,0.03941998784405661
0.3,34958,34509,449,0.987156015790377,0.012843984209622976,1331,347,0.2067938021454112,0.038569648497493406
0.31,34958,34475,483,0.986183420104125,0.01381657989587505,1314,364,0.2169249106078665,0.0381145757795504
0.32,34958,34448,510,0.9854110647062189,0.01458893529378111,1295,383,0.22824791418355184,0.03759289363678588
0.33,34958,34409,549,0.9842954402425768,0.015704559757423193,1275,403,0.2401668653158522,0.037054259060129616
0.34,34958,34371,587,0.9832084215344127,0.016791578465587275,1258,420,0.25029797377830754,0.03660062261790463
0.35,34958,34331,627,0.9820641913152927,0.017935808684707365,1233,445,0.26519666269368297,0.035915062188692434
0.36,34958,34297,661,0.9810915956290406,0.018908404370959437,1211,467,0.27830750893921335,0.03530921071813861
0.37,34958,34270,688,0.9803192402311345,0.019680759768865495,1192,486,0.2896305125148987,0.034782608695652174
0.38,34958,34237,721,0.9793752503003604,0.020624749699639566,1178,500,0.29797377830750893,0.03440722025878436
0.39,34958,34195,763,0.9781738085702844,0.021826191429715657,1157,521,0.3104886769964243,0.033835356046205585
0.4,34958,34147,811,0.9768007323073402,0.023199267692659762,1134,544,0.32419547079856975,0.033209359533780416
0.41,34958,34118,840,0.9759711653984782,0.024028834601521828,1117,561,0.33432657926102505,0.03273931648982942
0.42,34958,34076,882,0.9747697236684021,0.02523027633159792,1093,585,0.34862932061978547,0.0320753609578589
0.43,34958,34034,924,0.973568281938326,0.02643171806167401,1068,610,0.3635280095351609,0.03138038432156079
0.44,34958,33991,967,0.9723382344527719,0.0276617655472281,1044,634,0.3778307508939213,0.030714012532729252
0.45,34958,33943,1015,0.9709651581898278,0.029034841810172206,1027,651,0.3879618593563766,0.030256606664113367
0.46,34958,33901,1057,0.9697637164597517,0.030236283540248297,1007,671,0.399880810488677,0.02970413852098758
0.47,34958,33850,1108,0.9683048229303736,0.03169517706962641,978,700,0.4171632896305125,0.028892171344165437
0.48,34958,33801,1157,0.9669031409119515,0.03309685908804851,951,727,0.433253873659118,0.02813526227034703
0.49,34958,33751,1207,0.9654728531380514,0.034527146861948625,928,750,0.4469606674612634,0.027495481615359543
0.5,34958,33696,1262,0.9638995365867613,0.03610046341323874,903,775,0.46185935637663883,0.02679843304843305
0.51,34958,33638,1320,0.9622404027690371,0.03775959723096287,877,801,0.47735399284862934,0.026071704619775253
0.52,34958,33589,1369,0.960838720750615,0.03916127924938498,851,827,0.4928486293206198,0.02533567536991277
0.53,34958,33523,1435,0.9589507408890668,0.04104925911093312,823,855,0.5095351609058403,0.0245503087432509
0.54,34958,33474,1484,0.9575490588706448,0.04245094112935523,797,881,0.5250297973778307,0.023809523809523808
0.55,34958,33423,1535,0.9560901653412667,0.04390983465873334,772,906,0.5399284862932062,0.023097866738473506
0.56,34958,33367,1591,0.9544882430344985,0.04551175696550146,743,935,0.5572109654350417,0.022267509815086763
0.57,34958,33322,1636,0.9532009840379885,0.04679901596201156,721,957,0.570321811680572,0.021637356701278435
0.58,34958,33276,1682,0.9518851192860004,0.04811488071399966,700,978,0.5828367103694875,0.02103618223344152
0.59,34958,33230,1728,0.9505692545340122,0.049430745465987753,684,994,0.5923718712753278,0.020583809810412277
0.6,34958,33177,1781,0.9490531494936781,0.050946850506321875,663,1015,0.6048867699642432,0.019983723663984085
0.61,34958,33137,1821,0.947908919274558,0.05209108072544196,647,1031,0.6144219308700835,0.01952500226333102
0.62,34958,33085,1873,0.946421419989702,0.05357858001029807,626,1052,0.6269368295589988,0.01892096116064682
0.63,34958,33026,1932,0.9447336804164999,0.0552663195835002,602,1076,0.6412395709177592,0.018228062738448497
0.64,34958,32975,1983,0.9432747868871217,0.056725213112878314,585,1093,0.6513706793802145,0.0177407126611069
0.65,34958,32927,2031,0.9419017106241776,0.05809828937582241,569,1109,0.6609058402860548,0.01728065113736447
0.66,34958,32875,2083,0.9404142113393215,0.059585788660678526,551,1127,0.6716328963051251,0.016760456273764258
0.67,34958,32828,2130,0.9390697408318553,0.06093025916814463,532,1146,0.6829558998808105,0.01620567807968807
0.68,34958,32777,2181,0.9376108473024772,0.062389152697522744,512,1166,0.6948748510131109,0.015620709643957653
0.69,34958,32721,2237,0.9360089249957091,0.06399107500429087,488,1190,0.7091775923718713,0.01491396962195532
0.7,34958,32674,2284,0.934664454488243,0.06533554551175697,467,1211,0.7216924910607867,0.014292709799840852
0.71,34958,32625,2333,0.9332627724698209,0.06673722753017908,453,1225,0.7300357568533969,0.013885057471264367
0.72,34958,32561,2397,0.9314320041192288,0.06856799588077121,431,1247,0.7431466030989273,0.013236694204723442
0.73,34958,32502,2456,0.9297442645460267,0.07025573545397334,413,1265,0.7538736591179976,0.012706910343978832
0.74,34958,32448,2510,0.9281995537502146,0.07180044624978546,400,1278,0.7616209773539928,0.01232741617357002
0.75,34958,32388,2570,0.9264832084215344,0.07351679157846559,378,1300,0.7747318235995232,0.011670989255279733
0.76,34958,32327,2631,0.9247382573373762,0.07526174266262373,356,1322,0.7878426698450537,0.011012466359389983
0.77,34958,32268,2690,0.9230505177641741,0.07694948223582584,337,1341,0.799165673420739,0.010443783314739061
0.78,34958,32205,2753,0.92124835516906,0.07875164483093998,317,1361,0.8110846245530393,0.00984319205092377
0.79,34958,32132,2826,0.9191601350191658,0.08083986498083415,296,1382,0.8235995232419547,0.009212000497945972
0.8,34958,32072,2886,0.9174437896904857,0.08255621030951428,277,1401,0.83492252681764,0.00863681716138688
0.81,34958,32000,2958,0.9153841752960695,0.08461582470393043,261,1417,0.8444576877234803,0.00815625
0.82,34958,31939,3019,0.9136392242119115,0.08636077578808857,248,1430,0.8522050059594756,0.0077648016531513195
0.83,34958,31867,3091,0.9115796098174953,0.08842039018250472,231,1447,0.8623361144219309,0.007248878149810148
0.84,34958,31794,3164,0.9094913896676011,0.09050861033239888,214,1464,0.8724672228843862,0.006730829716298673
0.85,34958,31721,3237,0.9074031695177069,0.09259683048229304,201,1477,0.8802145411203814,0.006336496327354119
0.86,34958,31638,3320,0.9050288918130328,0.09497110818696722,186,1492,0.8891537544696066,0.0058790062582969845
0.87,34958,31543,3415,0.9023113450426226,0.09768865495737743,168,1510,0.899880810488677,0.00532606283486035
0.88,34958,31442,3516,0.8994221637393444,0.10057783626065564,146,1532,0.9129916567342073,0.004643470517142675
0.89,34958,31333,3625,0.8963041363922422,0.10369586360775788,135,1543,0.9195470798569726,0.0043085564740050425
0.9,34958,31228,3730,0.8933005320670518,0.10669946793294811,124,1554,0.9261025029797377,0.003970795439989753
0.91,34958,31116,3842,0.8900966874535157,0.10990331254648435,109,1569,0.935041716328963,0.003503020953850109
0.92,34958,31005,3953,0.8869214485954574,0.1130785514045426,103,1575,0.9386174016686532,0.003322044831478794
0.93,34958,30863,4095,0.882859431317581,0.1171405686824189,93,1585,0.9445768772348033,0.003013316916696368
0.94,34958,30683,4275,0.8777103953315407,0.1222896046684593,78,1600,0.9535160905840286,0.002542124303360167
0.95,34958,30469,4489,0.8715887636592482,0.12841123634075177,71,1607,0.9576877234803337,0.0023302372903606944
0.96,34958,30160,4798,0.8627495852165455,0.13725041478345443,59,1619,0.9648390941597139,0.001956233421750663
0.97,34958,29722,5236,0.8502202643171806,0.14977973568281938,44,1634,0.9737783075089392,0.0014803849000740192
0.98,34958,28887,6071,0.8263344584930488,0.1736655415069512,35,1643,0.9791418355184743,0.0012116176826946377
0.99,34958,26504,8454,0.7581669431889696,0.24183305681103037,16,1662,0.9904648390941597,0.0006036824630244491
1.0,34958,8,34950,0.00022884604382401738,0.999771153956176,0,1678,1.0,0.0
